Issue id,Parent id,Summary,Issue Type,Description,Priority,Status,Labels
1000,,ReleasePilot MVP - Release Quality Workspace,Epic,"Deliver a release-readiness workspace that connects requirements, test evidence, defects, and an explainable Go/No-Go decision.",High,In Progress,releasepilot
1001,1000,Create and list releases,Story,"Users can create releases and view the release list through the REST API and web UI.",High,Done,releasepilot
1002,1000,Manage release requirements,Story,"Users can create and list requirements linked to a release.",High,Done,releasepilot
1003,1000,Link test cases to requirements,Story,"Users can create test cases linked to requirements and view them by release.",High,Done,releasepilot
1004,1000,Record test-run results,Story,"Users can record a test execution result for a test case.",High,Done,releasepilot
1005,1000,Log release defects,Story,"Users can record and list defects linked to a release and optional test run.",High,Done,releasepilot
1006,1000,Calculate Go-No-Go release decision,Story,"Dashboard evaluates blockers, coverage, test evidence, and pass-rate rules with reasons.",Highest,Done,releasepilot
1007,1000,Build React release dashboard,Story,"Stakeholders can view release metrics and explainable decision reasons in a browser.",High,Done,releasepilot
1008,1000,Add fictional ShopSphere demo data,Story,"Seed safe e-commerce checkout data that demonstrates a No-Go decision.",Medium,Done,releasepilot
1009,1000,Add Docker execution setup,Task,"Provide Dockerfiles and Docker Compose configuration for local execution.",Medium,Done,releasepilot
1010,1000,Add GitHub Actions CI,Task,"Build the Spring Boot backend and React frontend on push and pull request.",Medium,Done,releasepilot
1011,1000,Configure GitHub Codespaces,Task,"Provide a browser-based development configuration with forwarded ports.",Medium,Done,releasepilot
1012,1000,Import Jira tickets from CSV,Story,"Users upload a Jira CSV export and map work items to ReleasePilot requirements.",High,To Do,releasepilot
1013,1000,Add UI workflows for test runs and defects,Story,"QA users can record test outcomes and defects without calling REST APIs.",High,To Do,releasepilot
1014,1000,Add AI-assisted test-case drafts,Story,"Generate draft test cases from an acceptance criterion with mandatory human approval.",Medium,To Do,releasepilot
